-- phpMyAdmin SQL Dump
-- version 5.1.1
-- https://www.phpmyadmin.net/
--
-- Host: 127.0.0.1:3306
-- Generation Time: Jan 05, 2023 at 11:01 AM
-- Server version: 5.7.36
-- PHP Version: 7.2.34

SET SQL_MODE = "NO_AUTO_VALUE_ON_ZERO";
START TRANSACTION;
SET time_zone = "+00:00";


/*!40101 SET @OLD_CHARACTER_SET_CLIENT=@@CHARACTER_SET_CLIENT */;
/*!40101 SET @OLD_CHARACTER_SET_RESULTS=@@CHARACTER_SET_RESULTS */;
/*!40101 SET @OLD_COLLATION_CONNECTION=@@COLLATION_CONNECTION */;
/*!40101 SET NAMES utf8mb4 */;

--
-- Database: `med_question`
--

-- --------------------------------------------------------

--
-- Table structure for table `blogs`
--

DROP TABLE IF EXISTS `blogs`;
CREATE TABLE IF NOT EXISTS `blogs` (
  `id` bigint(20) UNSIGNED NOT NULL AUTO_INCREMENT,
  `title` varchar(255) COLLATE utf8mb4_unicode_ci NOT NULL,
  `blog_post` longtext COLLATE utf8mb4_unicode_ci NOT NULL,
  `blog_category_id` bigint(20) UNSIGNED NOT NULL,
  `tags` varchar(255) COLLATE utf8mb4_unicode_ci DEFAULT NULL,
  `created_at` timestamp NULL DEFAULT NULL,
  `updated_at` timestamp NULL DEFAULT NULL,
  PRIMARY KEY (`id`),
  KEY `blogs_blog_category_id_foreign` (`blog_category_id`)
) ENGINE=InnoDB DEFAULT CHARSET=utf8mb4 COLLATE=utf8mb4_unicode_ci;

-- --------------------------------------------------------

--
-- Table structure for table `blog_categories`
--

DROP TABLE IF EXISTS `blog_categories`;
CREATE TABLE IF NOT EXISTS `blog_categories` (
  `id` bigint(20) UNSIGNED NOT NULL,
  `title` varchar(255) COLLATE utf8mb4_unicode_ci NOT NULL,
  `slug` varchar(255) COLLATE utf8mb4_unicode_ci NOT NULL,
  `description` text COLLATE utf8mb4_unicode_ci,
  `created_at` timestamp NULL DEFAULT NULL,
  `updated_at` timestamp NULL DEFAULT NULL
) ENGINE=InnoDB DEFAULT CHARSET=utf8mb4 COLLATE=utf8mb4_unicode_ci;

-- --------------------------------------------------------

--
-- Table structure for table `blog_tags`
--

DROP TABLE IF EXISTS `blog_tags`;
CREATE TABLE IF NOT EXISTS `blog_tags` (
  `id` bigint(20) UNSIGNED NOT NULL AUTO_INCREMENT,
  `blog_id` bigint(20) UNSIGNED NOT NULL,
  `title` varchar(255) COLLATE utf8mb4_unicode_ci NOT NULL,
  `created_at` timestamp NULL DEFAULT NULL,
  `updated_at` timestamp NULL DEFAULT NULL,
  PRIMARY KEY (`id`),
  KEY `blog_tags_blog_id_foreign` (`blog_id`)
) ENGINE=InnoDB DEFAULT CHARSET=utf8mb4 COLLATE=utf8mb4_unicode_ci;

-- --------------------------------------------------------

--
-- Table structure for table `failed_jobs`
--

DROP TABLE IF EXISTS `failed_jobs`;
CREATE TABLE IF NOT EXISTS `failed_jobs` (
  `id` bigint(20) UNSIGNED NOT NULL AUTO_INCREMENT,
  `connection` text COLLATE utf8mb4_unicode_ci NOT NULL,
  `queue` text COLLATE utf8mb4_unicode_ci NOT NULL,
  `payload` longtext COLLATE utf8mb4_unicode_ci NOT NULL,
  `exception` longtext COLLATE utf8mb4_unicode_ci NOT NULL,
  `failed_at` timestamp NOT NULL DEFAULT CURRENT_TIMESTAMP,
  PRIMARY KEY (`id`)
) ENGINE=InnoDB DEFAULT CHARSET=utf8mb4 COLLATE=utf8mb4_unicode_ci;

-- --------------------------------------------------------

--
-- Table structure for table `migrations`
--

DROP TABLE IF EXISTS `migrations`;
CREATE TABLE IF NOT EXISTS `migrations` (
  `id` int(10) UNSIGNED NOT NULL AUTO_INCREMENT,
  `migration` varchar(255) COLLATE utf8mb4_unicode_ci NOT NULL,
  `batch` int(11) NOT NULL,
  PRIMARY KEY (`id`)
) ENGINE=InnoDB AUTO_INCREMENT=19 DEFAULT CHARSET=utf8mb4 COLLATE=utf8mb4_unicode_ci;

--
-- Dumping data for table `migrations`
--

INSERT INTO `migrations` (`id`, `migration`, `batch`) VALUES
(1, '2014_10_12_000000_create_users_table', 1),
(2, '2014_10_12_100000_create_password_resets_table', 1),
(3, '2019_08_19_000000_create_failed_jobs_table', 1),
(6, '2020_08_28_072131_create_blog_categories_table', 3),
(7, '2020_08_28_072234_create_blogs_table', 3),
(8, '2020_08_28_103502_create_variants_table', 3),
(10, '2020_08_28_104103_create_blog_tags_table', 3),
(14, '2020_08_28_063029_create_products_table', 4),
(15, '2020_08_28_103644_create_product_images_table', 4),
(16, '2020_08_31_065549_create_product_variants_table', 4),
(17, '2020_08_31_073704_create_product_variant_prices_table', 4),
(18, '2020_08_31_081510_create_product_variant_price_relation_table', 4);

-- --------------------------------------------------------

--
-- Table structure for table `password_resets`
--

DROP TABLE IF EXISTS `password_resets`;
CREATE TABLE IF NOT EXISTS `password_resets` (
  `email` varchar(255) COLLATE utf8mb4_unicode_ci NOT NULL,
  `token` varchar(255) COLLATE utf8mb4_unicode_ci NOT NULL,
  `created_at` timestamp NULL DEFAULT NULL
) ENGINE=InnoDB DEFAULT CHARSET=utf8mb4 COLLATE=utf8mb4_unicode_ci;

-- --------------------------------------------------------

--
-- Table structure for table `products`
--

DROP TABLE IF EXISTS `products`;
CREATE TABLE IF NOT EXISTS `products` (
  `id` bigint(20) UNSIGNED NOT NULL AUTO_INCREMENT,
  `title` varchar(255) COLLATE utf8mb4_unicode_ci NOT NULL,
  `sku` varchar(255) COLLATE utf8mb4_unicode_ci NOT NULL,
  `description` text COLLATE utf8mb4_unicode_ci,
  `created_at` timestamp NULL DEFAULT NULL,
  `updated_at` timestamp NULL DEFAULT NULL,
  PRIMARY KEY (`id`)
) ENGINE=InnoDB AUTO_INCREMENT=51 DEFAULT CHARSET=utf8mb4 COLLATE=utf8mb4_unicode_ci;

--
-- Dumping data for table `products`
--

INSERT INTO `products` (`id`, `title`, `sku`, `description`, `created_at`, `updated_at`) VALUES
(1, 'Zipper Button Sweater', 'asdflasdf', 't is a long established fact that a reader will be distracted by the readable content of a page when looking at its layout. The point of using Lorem Ipsum is that it has a more-or-less normal distribution of letters, as opposed to using \'Content here, content here\', making it look like readable English. Many desktop publishing packages and web page editors now use Lorem Ipsum as their default model text, and a search for \'lorem ipsum\' will uncover many web sites still in their infancy. Various versions have evolved over the years, sometimes by accident, sometimes on purpose (injected humour and the like)', '2023-01-04 18:51:09', '2023-01-04 18:51:09'),
(2, 'Edited Product', 'adfsadfsasf', 't is a long established fact that a reader will be distracted by the readable content of a page when looking at its layout. The point of using Lorem Ipsum is that it has a more-or-less normal distribution of letters, as opposed to using \'Content here, content here\', making it look like readable English. Many desktop publishing packages and web page editors now use Lorem Ipsum as their default model text, and a search for \'lorem ipsum\' will uncover many web sites still in their infancy. Various versions have evolved over the years, sometimes by accident, sometimes on purpose (injected humour and the like)', '2023-01-05 04:47:58', '2023-01-05 04:47:58'),
(3, 'Product Three', 'afdafdfasdfasasdf', 't is a long established fact that a reader will be distracted by the readable content of a page when looking at its layout. The point of using Lorem Ipsum is that it has a more-or-less normal distribution of letters, as opposed to using \'Content here, content here\', making it look like readable English. Many desktop publishing packages and web page editors now use Lorem Ipsum as their default model text, and a search for \'lorem ipsum\' will uncover many web sites still in their infancy. Various versions have evolved over the years, sometimes by accident, sometimes on purpose (injected humour and the like)', '2020-08-31 10:21:29', '2020-08-31 10:21:29'),
(4, 'Product Four', 'afdafdfasdfasasdfadsf', 'adsfadft is a long established fact that a reader will be distracted by the readable content of a page when looking at its layout. The point of using Lorem Ipsum is that it has a more-or-less normal distribution of letters, as opposed to using \'Content here, content here\', making it look like readable English. Many desktop publishing packages and web page editors now use Lorem Ipsum as their default model text, and a search for \'lorem ipsum\' will uncover many web sites still in their infancy. Various versions have evolved over the years, sometimes by accident, sometimes on purpose (injected humour and the like)', '2020-08-31 10:21:44', '2020-08-31 10:21:44'),
(5, 'T-Shirt Super', 't-shirt', 't is a long established fact that a reader will be distracted by the readable content of a page when looking at its layout. The point of using Lorem Ipsum is that it has a more-or-less normal distribution of letters, as opposed to using \'Content here, content here\', making it look like readable English. Many desktop publishing packages and web page editors now use Lorem Ipsum as their default model text, and a search for \'lorem ipsum\' will uncover many web sites still in their infancy. Various versions have evolved over the years, sometimes by accident, sometimes on purpose (injected humour and the like)', '2023-01-04 18:50:21', '2023-01-04 18:50:21'),
(6, 'T-Shirt RED', 't-shirt-red', 't is a long established fact that a reader will be distracted by the readable content of a page when looking at its layout. The point of using Lorem Ipsum is that it has a more-or-less normal distribution of letters, as opposed to using \'Content here, content here\', making it look like readable English. Many desktop publishing packages and web page editors now use Lorem Ipsum as their default model text, and a search for \'lorem ipsum\' will uncover many web sites still in their infancy. Various versions have evolved over the years, sometimes by accident, sometimes on purpose (injected humour and the like)', '2020-08-31 10:38:17', '2020-08-31 10:38:17'),
(7, 'Formal Shirt', 'formal-shirt', 't is a long established fact that a reader will be distracted by the readable content of a page when looking at its layout. The point of using Lorem Ipsum is that it has a more-or-less normal distribution of letters, as opposed to using \'Content here, content here\', making it look like readable English. Many desktop publishing packages and web page editors now use Lorem Ipsum as their default model text, and a search for \'lorem ipsum\' will uncover many web sites still in their infancy. Various versions have evolved over the years, sometimes by accident, sometimes on purpose (injected humour and the like)', '2020-08-31 10:38:39', '2020-08-31 10:38:39'),
(8, 'Womens s', '', 'alskdflahsdfha', NULL, '2023-01-03 19:16:07'),
(9, 'Womens s', '', 'alskdflahsdfha', NULL, '2023-01-03 19:19:20'),
(10, 'asdafdas', '', 'afadf', NULL, '2023-01-03 19:19:50'),
(11, 'test1', 'test1', 'test1', '2023-01-03 22:07:27', '2023-01-03 22:07:27'),
(12, 'test1', 'test1', 'test1', '2023-01-03 22:11:53', '2023-01-03 22:11:53'),
(13, 'Exclusive T-shirt', 't-0012542', 'Quality product of T-shirt', '2023-01-03 23:54:11', '2023-01-03 23:54:11'),
(14, 'Exclusive T-shirt', 't-0012542', 'Quality product of T-shirt', '2023-01-03 23:55:17', '2023-01-03 23:55:17'),
(22, 'Exclusive T-shirt', 't-0012542', 'Quality product of T-shirt', '2023-01-03 23:57:31', '2023-01-03 23:57:31'),
(23, 'Exclusive T-shirt', 't-0012542', 'Quality product of T-shirt', '2023-01-04 18:57:29', '2023-01-04 18:57:29'),
(24, 'Exclusive T-shirt', 't-0012542', 'Quality product of T-shirt', '2023-01-04 00:03:32', '2023-01-04 00:03:32'),
(25, 'Exclusive T-shirt', 't-0012542', 'Quality product of T-shirt', '2023-01-04 02:16:09', '2023-01-04 02:16:09'),
(26, 'Exclusive T-shirt', 't-0012542', 'Quality product of T-shirt', '2023-01-04 02:16:36', '2023-01-04 02:16:36'),
(27, 'Exclusive T-shirt', 't-0012542', 'Quality product of T-shirt', '2023-01-04 02:44:08', '2023-01-04 02:44:08'),
(28, 'Exclusive T-shirt', 't-0012542', 'Quality product of T-shirt', '2023-01-04 02:45:21', '2023-01-04 02:45:21'),
(29, 'Exclusive T-shirt', 't-0012542', 'Quality product of T-shirt', '2023-01-04 03:35:01', '2023-01-04 03:35:01'),
(30, 'Exclusive T-shirt', 't-0012542', 'Quality product of T-shirt', '2023-01-04 04:33:16', '2023-01-04 04:33:16'),
(31, 'Maonokia T Shirt 2023', 'ma-1302', 'Winter season gorgeous t shirt', '2023-01-04 17:30:42', '2023-01-04 17:30:42'),
(32, 'Jacket 2023', 'jk-4654341', 'jacket', '2023-01-04 18:43:44', '2023-01-04 18:43:44'),
(33, 'Shorts', 'sh-132435', 'shorts', '2023-01-04 13:45:04', '2023-01-04 13:45:04'),
(34, 'Tank tops', 'TT-2541', 'Tank tops', '2023-01-04 19:15:35', '2023-01-04 19:15:35'),
(35, 'Tank tops 2023', 'TT-2541', 'Tank tops', '2023-01-04 19:17:26', '2023-01-04 19:17:26'),
(36, 'Tank tops 2022', 'TT-2541', 'Tank tops', '2023-01-04 19:30:15', '2023-01-04 19:30:15'),
(37, 'Ladies Pant', 'LP-3215', 'Ladies Pant', '2023-01-04 19:31:36', '2023-01-04 19:31:36'),
(38, 'pic', 'p', 'p', '2023-01-04 19:51:30', '2023-01-04 19:51:30'),
(39, 'pic', 'p', 'p', '2023-01-04 19:52:44', '2023-01-04 19:52:44'),
(40, 'pic', 'p', 'p', '2023-01-04 20:01:21', '2023-01-04 20:01:21'),
(41, 'pic', 'p', 'p', '2023-01-04 20:02:29', '2023-01-04 20:02:29'),
(42, 'pic', 'p', 'p', '2023-01-04 20:03:32', '2023-01-04 20:03:32'),
(43, 'fg', 'fd', 'fd', '2023-01-04 20:06:01', '2023-01-04 20:06:01'),
(44, 'fg', 'fd', 'fd', '2023-01-04 20:06:28', '2023-01-04 20:06:28'),
(45, 'gg', 'gg', 'gg', '2023-01-04 20:07:12', '2023-01-04 20:07:12'),
(46, 'gg', 'gg', 'gg', '2023-01-04 20:07:36', '2023-01-04 20:07:36'),
(47, 'yy', 'y-55', 'gg', '2023-01-04 21:02:03', '2023-01-04 21:02:03'),
(48, 'yy', 'y-55', 'gg', '2023-01-04 21:03:21', '2023-01-04 21:03:21'),
(49, 'Camy Bra', 'CB-13131', 'This is undergarments qualitiy product', '2023-01-05 04:41:26', '2023-01-05 04:41:26'),
(50, 'Push up bra', 'PB-131321', 'Push up bra exclusive', '2023-01-05 04:46:16', '2023-01-05 04:46:16');

-- --------------------------------------------------------

--
-- Table structure for table `product_images`
--

DROP TABLE IF EXISTS `product_images`;
CREATE TABLE IF NOT EXISTS `product_images` (
  `id` bigint(20) UNSIGNED NOT NULL AUTO_INCREMENT,
  `product_id` bigint(20) UNSIGNED NOT NULL,
  `file_path` varchar(255) COLLATE utf8mb4_unicode_ci NOT NULL,
  `thumbnail` tinyint(1) DEFAULT NULL,
  `created_at` timestamp NULL DEFAULT NULL,
  `updated_at` timestamp NULL DEFAULT NULL,
  PRIMARY KEY (`id`),
  KEY `product_images_product_id_foreign` (`product_id`)
) ENGINE=InnoDB DEFAULT CHARSET=utf8mb4 COLLATE=utf8mb4_unicode_ci;

-- --------------------------------------------------------

--
-- Table structure for table `product_variants`
--

DROP TABLE IF EXISTS `product_variants`;
CREATE TABLE IF NOT EXISTS `product_variants` (
  `id` bigint(20) UNSIGNED NOT NULL AUTO_INCREMENT,
  `variant` varchar(255) COLLATE utf8mb4_unicode_ci NOT NULL,
  `variant_id` bigint(20) UNSIGNED NOT NULL,
  `product_id` bigint(20) UNSIGNED NOT NULL,
  `created_at` timestamp NULL DEFAULT NULL,
  `updated_at` timestamp NULL DEFAULT NULL,
  PRIMARY KEY (`id`),
  KEY `product_variants_variant_id_foreign` (`variant_id`),
  KEY `product_variants_product_id_foreign` (`product_id`)
) ENGINE=InnoDB AUTO_INCREMENT=170 DEFAULT CHARSET=utf8mb4 COLLATE=utf8mb4_unicode_ci;

--
-- Dumping data for table `product_variants`
--

INSERT INTO `product_variants` (`id`, `variant`, `variant_id`, `product_id`, `created_at`, `updated_at`) VALUES
(1, 'red', 1, 1, '2020-08-31 02:18:53', '2020-08-31 02:18:53'),
(2, 'green', 1, 1, '2020-08-31 02:18:53', '2020-08-31 02:18:53'),
(3, 'blue', 1, 1, '2020-08-31 02:18:53', '2020-08-31 02:18:53'),
(4, 'xl', 2, 1, '2020-08-31 02:18:53', '2020-08-31 02:18:53'),
(5, 'sm', 2, 1, '2020-08-31 02:18:53', '2020-08-31 02:18:53'),
(6, 'm', 2, 1, '2020-08-31 02:18:53', '2020-08-31 02:18:53'),
(7, 'XL', 2, 2, '2020-08-31 09:25:57', '2020-08-31 09:25:57'),
(8, 'L', 2, 2, '2020-08-31 09:25:57', '2020-08-31 09:25:57'),
(9, 'red', 1, 2, '2020-08-31 09:25:57', '2020-08-31 09:25:57'),
(10, 'green', 1, 2, '2020-08-31 09:25:57', '2020-08-31 09:25:57'),
(11, 'blue', 1, 2, '2020-08-31 09:25:57', '2020-08-31 09:25:57'),
(12, 'red', 1, 3, '2020-08-31 10:21:29', '2020-08-31 10:21:29'),
(13, 'green', 1, 3, '2020-08-31 10:21:30', '2020-08-31 10:21:30'),
(14, 'xl', 2, 3, '2020-08-31 10:21:30', '2020-08-31 10:21:30'),
(15, 'l', 2, 3, '2020-08-31 10:21:30', '2020-08-31 10:21:30'),
(16, 'm', 2, 3, '2020-08-31 10:21:30', '2020-08-31 10:21:30'),
(17, 'v-nick', 6, 3, '2020-08-31 10:21:30', '2020-08-31 10:21:30'),
(18, 'o-nick', 6, 3, '2020-08-31 10:21:30', '2020-08-31 10:21:30'),
(19, 'red', 1, 4, '2020-08-31 10:21:44', '2020-08-31 10:21:44'),
(20, 'green', 1, 4, '2020-08-31 10:21:44', '2020-08-31 10:21:44'),
(21, 'xl', 2, 4, '2020-08-31 10:21:44', '2020-08-31 10:21:44'),
(22, 'l', 2, 4, '2020-08-31 10:21:44', '2020-08-31 10:21:44'),
(23, 'm', 2, 4, '2020-08-31 10:21:44', '2020-08-31 10:21:44'),
(24, 'v-nick', 6, 4, '2020-08-31 10:21:44', '2020-08-31 10:21:44'),
(25, 'o-nick', 6, 4, '2020-08-31 10:21:44', '2020-08-31 10:21:44'),
(26, 'red', 1, 5, '2020-08-31 10:37:15', '2020-08-31 10:37:15'),
(27, 'green', 1, 5, '2020-08-31 10:37:15', '2020-08-31 10:37:15'),
(28, 'xl', 2, 5, '2020-08-31 10:37:15', '2020-08-31 10:37:15'),
(29, 'l', 2, 5, '2020-08-31 10:37:15', '2020-08-31 10:37:15'),
(30, 'm', 2, 5, '2020-08-31 10:37:15', '2020-08-31 10:37:15'),
(31, 'v-nick', 6, 5, '2020-08-31 10:37:15', '2020-08-31 10:37:15'),
(32, 'o-nick', 6, 5, '2020-08-31 10:37:15', '2020-08-31 10:37:15'),
(33, 'red', 1, 6, '2020-08-31 10:38:17', '2020-08-31 10:38:17'),
(34, 'green', 1, 6, '2020-08-31 10:38:17', '2020-08-31 10:38:17'),
(35, 'xl', 2, 6, '2020-08-31 10:38:18', '2020-08-31 10:38:18'),
(36, 'l', 2, 6, '2020-08-31 10:38:18', '2020-08-31 10:38:18'),
(37, 'm', 2, 6, '2020-08-31 10:38:18', '2020-08-31 10:38:18'),
(38, 'v-nick', 6, 6, '2020-08-31 10:38:18', '2020-08-31 10:38:18'),
(39, 'o-nick', 6, 6, '2020-08-31 10:38:18', '2020-08-31 10:38:18'),
(40, 'red', 1, 7, '2020-08-31 10:38:39', '2020-08-31 10:38:39'),
(41, 'green', 1, 7, '2020-08-31 10:38:39', '2020-08-31 10:38:39'),
(42, 'xl', 2, 7, '2020-08-31 10:38:39', '2020-08-31 10:38:39'),
(43, 'l', 2, 7, '2020-08-31 10:38:39', '2020-08-31 10:38:39'),
(44, 'm', 2, 7, '2020-08-31 10:38:39', '2020-08-31 10:38:39'),
(45, 'v-nick', 6, 7, '2020-08-31 10:38:39', '2020-08-31 10:38:39'),
(46, 'o-nick', 6, 7, '2020-08-31 10:38:39', '2020-08-31 10:38:39'),
(47, 'Red', 1, 23, '2023-01-04 00:02:43', '2023-01-04 00:02:43'),
(48, 'Green', 1, 23, '2023-01-04 00:02:44', '2023-01-04 00:02:44'),
(49, 'Blue', 1, 23, '2023-01-04 00:02:44', '2023-01-04 00:02:44'),
(50, 'M', 2, 23, '2023-01-04 00:02:44', '2023-01-04 00:02:44'),
(51, 'L', 2, 23, '2023-01-04 00:02:44', '2023-01-04 00:02:44'),
(52, 'XL', 2, 23, '2023-01-04 00:02:44', '2023-01-04 00:02:44'),
(53, 'V-Neck', 6, 23, '2023-01-04 00:02:44', '2023-01-04 00:02:44'),
(54, 'O-neck', 6, 23, '2023-01-04 00:02:44', '2023-01-04 00:02:44'),
(55, 'Full', 6, 23, '2023-01-04 00:02:44', '2023-01-04 00:02:44'),
(56, 'Red', 1, 24, '2023-01-04 00:03:32', '2023-01-04 00:03:32'),
(57, 'Green', 1, 24, '2023-01-04 00:03:32', '2023-01-04 00:03:32'),
(58, 'Blue', 1, 24, '2023-01-04 00:03:32', '2023-01-04 00:03:32'),
(59, 'M', 2, 24, '2023-01-04 00:03:32', '2023-01-04 00:03:32'),
(60, 'L', 2, 24, '2023-01-04 00:03:32', '2023-01-04 00:03:32'),
(61, 'XL', 2, 24, '2023-01-04 00:03:32', '2023-01-04 00:03:32'),
(62, 'V-Neck', 6, 24, '2023-01-04 00:03:32', '2023-01-04 00:03:32'),
(63, 'O-neck', 6, 24, '2023-01-04 00:03:32', '2023-01-04 00:03:32'),
(64, 'Full', 6, 24, '2023-01-04 00:03:32', '2023-01-04 00:03:32'),
(65, 'Red', 1, 25, '2023-01-04 02:16:09', '2023-01-04 02:16:09'),
(66, 'Green', 1, 25, '2023-01-04 02:16:09', '2023-01-04 02:16:09'),
(67, 'Blue', 1, 25, '2023-01-04 02:16:09', '2023-01-04 02:16:09'),
(68, 'M', 2, 25, '2023-01-04 02:16:10', '2023-01-04 02:16:10'),
(69, 'L', 2, 25, '2023-01-04 02:16:10', '2023-01-04 02:16:10'),
(70, 'XL', 2, 25, '2023-01-04 02:16:10', '2023-01-04 02:16:10'),
(71, 'V-Neck', 6, 25, '2023-01-04 02:16:10', '2023-01-04 02:16:10'),
(72, 'O-neck', 6, 25, '2023-01-04 02:16:10', '2023-01-04 02:16:10'),
(73, 'Full', 6, 25, '2023-01-04 02:16:10', '2023-01-04 02:16:10'),
(74, 'Red', 1, 26, '2023-01-04 02:16:36', '2023-01-04 02:16:36'),
(75, 'Green', 1, 26, '2023-01-04 02:16:36', '2023-01-04 02:16:36'),
(76, 'Blue', 1, 26, '2023-01-04 02:16:36', '2023-01-04 02:16:36'),
(77, 'M', 2, 26, '2023-01-04 02:16:36', '2023-01-04 02:16:36'),
(78, 'L', 2, 26, '2023-01-04 02:16:36', '2023-01-04 02:16:36'),
(79, 'XL', 2, 26, '2023-01-04 02:16:37', '2023-01-04 02:16:37'),
(80, 'V-Neck', 6, 26, '2023-01-04 02:16:37', '2023-01-04 02:16:37'),
(81, 'O-neck', 6, 26, '2023-01-04 02:16:37', '2023-01-04 02:16:37'),
(82, 'Full', 6, 26, '2023-01-04 02:16:37', '2023-01-04 02:16:37'),
(83, 'Red', 1, 27, '2023-01-04 02:44:08', '2023-01-04 02:44:08'),
(84, 'Green', 1, 27, '2023-01-04 02:44:08', '2023-01-04 02:44:08'),
(85, 'Blue', 1, 27, '2023-01-04 02:44:08', '2023-01-04 02:44:08'),
(86, 'M', 2, 27, '2023-01-04 02:44:08', '2023-01-04 02:44:08'),
(87, 'L', 2, 27, '2023-01-04 02:44:08', '2023-01-04 02:44:08'),
(88, 'XL', 2, 27, '2023-01-04 02:44:08', '2023-01-04 02:44:08'),
(89, 'V-Neck', 6, 27, '2023-01-04 02:44:09', '2023-01-04 02:44:09'),
(90, 'O-neck', 6, 27, '2023-01-04 02:44:09', '2023-01-04 02:44:09'),
(91, 'Full', 6, 27, '2023-01-04 02:44:09', '2023-01-04 02:44:09'),
(92, 'Red', 1, 28, '2023-01-04 02:45:21', '2023-01-04 02:45:21'),
(93, 'Green', 1, 28, '2023-01-04 02:45:21', '2023-01-04 02:45:21'),
(94, 'Blue', 1, 28, '2023-01-04 02:45:21', '2023-01-04 02:45:21'),
(95, 'M', 2, 28, '2023-01-04 02:45:21', '2023-01-04 02:45:21'),
(96, 'L', 2, 28, '2023-01-04 02:45:21', '2023-01-04 02:45:21'),
(97, 'XL', 2, 28, '2023-01-04 02:45:22', '2023-01-04 02:45:22'),
(98, 'V-Neck', 6, 28, '2023-01-04 02:45:22', '2023-01-04 02:45:22'),
(99, 'O-neck', 6, 28, '2023-01-04 02:45:22', '2023-01-04 02:45:22'),
(100, 'Full', 6, 28, '2023-01-04 02:45:22', '2023-01-04 02:45:22'),
(101, 'Red', 1, 29, '2023-01-04 03:35:01', '2023-01-04 03:35:01'),
(102, 'Green', 1, 29, '2023-01-04 03:35:01', '2023-01-04 03:35:01'),
(103, 'Blue', 1, 29, '2023-01-04 03:35:01', '2023-01-04 03:35:01'),
(104, 'M', 2, 29, '2023-01-04 03:35:01', '2023-01-04 03:35:01'),
(105, 'L', 2, 29, '2023-01-04 03:35:01', '2023-01-04 03:35:01'),
(106, 'XL', 2, 29, '2023-01-04 03:35:01', '2023-01-04 03:35:01'),
(107, 'V-Neck', 6, 29, '2023-01-04 03:35:01', '2023-01-04 03:35:01'),
(108, 'O-neck', 6, 29, '2023-01-04 03:35:01', '2023-01-04 03:35:01'),
(109, 'Full', 6, 29, '2023-01-04 03:35:01', '2023-01-04 03:35:01'),
(110, 'Red', 1, 30, '2023-01-04 04:33:16', '2023-01-04 04:33:16'),
(111, 'Green', 1, 30, '2023-01-04 04:33:16', '2023-01-04 04:33:16'),
(112, 'Blue', 1, 30, '2023-01-04 04:33:16', '2023-01-04 04:33:16'),
(113, 'M', 2, 30, '2023-01-04 04:33:16', '2023-01-04 04:33:16'),
(114, 'L', 2, 30, '2023-01-04 04:33:16', '2023-01-04 04:33:16'),
(115, 'XL', 2, 30, '2023-01-04 04:33:16', '2023-01-04 04:33:16'),
(116, 'V-Neck', 6, 30, '2023-01-04 04:33:16', '2023-01-04 04:33:16'),
(117, 'O-neck', 6, 30, '2023-01-04 04:33:16', '2023-01-04 04:33:16'),
(118, 'Full', 6, 30, '2023-01-04 04:33:16', '2023-01-04 04:33:16'),
(119, 'XL', 2, 31, '2023-01-04 04:43:40', '2023-01-04 04:43:40'),
(120, 'L', 2, 31, '2023-01-04 04:43:40', '2023-01-04 04:43:40'),
(121, 'M', 2, 31, '2023-01-04 04:43:40', '2023-01-04 04:43:40'),
(122, 'Red', 1, 31, '2023-01-04 04:43:40', '2023-01-04 04:43:40'),
(123, 'Green', 1, 31, '2023-01-04 04:43:41', '2023-01-04 04:43:41'),
(124, 'Blue', 1, 31, '2023-01-04 04:43:41', '2023-01-04 04:43:41'),
(125, 'V-neck', 6, 31, '2023-01-04 04:43:41', '2023-01-04 04:43:41'),
(126, 'O-neck', 6, 31, '2023-01-04 04:43:41', '2023-01-04 04:43:41'),
(127, 'Full', 6, 31, '2023-01-04 04:43:41', '2023-01-04 04:43:41'),
(128, 'Red', 1, 32, '2023-01-04 13:38:03', '2023-01-04 13:38:03'),
(129, 'XL', 2, 32, '2023-01-04 13:38:03', '2023-01-04 13:38:03'),
(130, 'V-neck', 6, 32, '2023-01-04 13:38:03', '2023-01-04 13:38:03'),
(131, 'Green', 1, 33, '2023-01-04 13:45:04', '2023-01-04 13:45:04'),
(132, 'M', 2, 33, '2023-01-04 13:45:04', '2023-01-04 13:45:04'),
(133, 'O-neck', 6, 33, '2023-01-04 13:45:04', '2023-01-04 13:45:04'),
(134, 'S', 2, 34, '2023-01-04 19:15:35', '2023-01-04 19:15:35'),
(135, 'Black', 1, 34, '2023-01-04 19:15:35', '2023-01-04 19:15:35'),
(136, 'Short', 6, 34, '2023-01-04 19:15:35', '2023-01-04 19:15:35'),
(137, 'S', 2, 35, '2023-01-04 19:17:26', '2023-01-04 19:17:26'),
(138, 'Black', 1, 35, '2023-01-04 19:17:26', '2023-01-04 19:17:26'),
(139, 'Short', 6, 35, '2023-01-04 19:17:26', '2023-01-04 19:17:26'),
(140, 'S', 2, 36, '2023-01-04 19:30:15', '2023-01-04 19:30:15'),
(141, 'Black', 1, 36, '2023-01-04 19:30:15', '2023-01-04 19:30:15'),
(142, 'Short', 6, 36, '2023-01-04 19:30:15', '2023-01-04 19:30:15'),
(143, 'Red', 1, 37, '2023-01-04 19:31:36', '2023-01-04 19:31:36'),
(144, 'L', 2, 37, '2023-01-04 19:31:36', '2023-01-04 19:31:36'),
(145, 'O-Neck', 6, 37, '2023-01-04 19:31:36', '2023-01-04 19:31:36'),
(146, 'j', 1, 38, '2023-01-04 19:51:30', '2023-01-04 19:51:30'),
(147, 'Red', 1, 39, '2023-01-04 19:52:44', '2023-01-04 19:52:44'),
(148, 'Red', 1, 40, '2023-01-04 20:01:21', '2023-01-04 20:01:21'),
(149, 'Red', 1, 41, '2023-01-04 20:02:29', '2023-01-04 20:02:29'),
(150, 'Red', 1, 42, '2023-01-04 20:03:32', '2023-01-04 20:03:32'),
(151, 'ffff', 2, 43, '2023-01-04 20:06:01', '2023-01-04 20:06:01'),
(152, 'ffff', 2, 44, '2023-01-04 20:06:28', '2023-01-04 20:06:28'),
(153, 'sdf', 1, 44, '2023-01-04 20:06:28', '2023-01-04 20:06:28'),
(154, 'ewr', 6, 44, '2023-01-04 20:06:29', '2023-01-04 20:06:29'),
(155, 'fgfd', 1, 45, '2023-01-04 20:07:12', '2023-01-04 20:07:12'),
(156, 'fgfd', 2, 46, '2023-01-04 20:07:36', '2023-01-04 20:07:36'),
(157, 'gdfg', 1, 46, '2023-01-04 20:07:36', '2023-01-04 20:07:36'),
(158, 'fhgfh', 6, 46, '2023-01-04 20:07:36', '2023-01-04 20:07:36'),
(159, 'red', 1, 47, '2023-01-04 21:02:03', '2023-01-04 21:02:03'),
(160, 'xl', 2, 47, '2023-01-04 21:02:03', '2023-01-04 21:02:03'),
(161, 'vnech', 6, 47, '2023-01-04 21:02:03', '2023-01-04 21:02:03'),
(162, 'red', 1, 48, '2023-01-04 21:03:21', '2023-01-04 21:03:21'),
(163, 'xl', 2, 48, '2023-01-04 21:03:21', '2023-01-04 21:03:21'),
(164, 'vnech', 6, 48, '2023-01-04 21:03:21', '2023-01-04 21:03:21'),
(165, 'S', 2, 49, '2023-01-05 04:41:26', '2023-01-05 04:41:26'),
(166, 'Blue', 1, 49, '2023-01-05 04:41:26', '2023-01-05 04:41:26'),
(167, 'Push', 6, 49, '2023-01-05 04:41:26', '2023-01-05 04:41:26'),
(168, 'L', 2, 50, '2023-01-05 04:46:16', '2023-01-05 04:46:16'),
(169, 'Red', 1, 50, '2023-01-05 04:46:16', '2023-01-05 04:46:16');

-- --------------------------------------------------------

--
-- Table structure for table `product_variant_prices`
--

DROP TABLE IF EXISTS `product_variant_prices`;
CREATE TABLE IF NOT EXISTS `product_variant_prices` (
  `id` bigint(20) UNSIGNED NOT NULL AUTO_INCREMENT,
  `product_variant_one` bigint(20) UNSIGNED DEFAULT NULL,
  `product_variant_two` bigint(20) UNSIGNED DEFAULT NULL,
  `product_variant_three` bigint(20) UNSIGNED DEFAULT NULL,
  `price` double NOT NULL,
  `stock` int(11) NOT NULL DEFAULT '0',
  `product_id` bigint(20) UNSIGNED NOT NULL,
  `created_at` timestamp NULL DEFAULT NULL,
  `updated_at` timestamp NULL DEFAULT NULL,
  PRIMARY KEY (`id`),
  KEY `product_variant_prices_product_id_foreign` (`product_id`),
  KEY `product_variant_prices_product_variant_one_foreign` (`product_variant_one`),
  KEY `product_variant_prices_product_variant_two_foreign` (`product_variant_two`),
  KEY `product_variant_prices_product_variant_three_foreign` (`product_variant_three`)
) ENGINE=InnoDB AUTO_INCREMENT=180 DEFAULT CHARSET=utf8mb4 COLLATE=utf8mb4_unicode_ci;

--
-- Dumping data for table `product_variant_prices`
--

INSERT INTO `product_variant_prices` (`id`, `product_variant_one`, `product_variant_two`, `product_variant_three`, `price`, `stock`, `product_id`, `created_at`, `updated_at`) VALUES
(1, 1, 4, 1, 150, 150, 1, '2020-08-31 02:18:53', '2020-08-31 02:18:53'),
(2, 1, 5, 2, 15, 54, 1, '2020-08-31 02:18:53', '2020-08-31 02:18:53'),
(3, 1, 6, 1, 564, 546, 1, '2020-08-31 02:18:53', '2020-08-31 02:18:53'),
(4, 2, 4, 2, 54, 45, 1, '2020-08-31 02:18:53', '2020-08-31 02:18:53'),
(5, 2, 5, 1, 45, 45, 1, '2020-08-31 02:18:53', '2020-08-31 02:18:53'),
(6, 2, 6, 2, 454, 45, 1, '2020-08-31 02:18:53', '2020-08-31 02:18:53'),
(7, 3, 4, 1, 45, 54, 1, '2020-08-31 02:18:53', '2020-08-31 02:18:53'),
(8, 3, 5, 2, 54, 54, 1, '2020-08-31 02:18:53', '2020-08-31 02:18:53'),
(9, 3, 6, 1, 100, 120, 1, '2020-08-31 02:18:53', '2020-08-31 02:18:53'),
(10, 4, 1, 2, 150, 150, 2, '2020-08-31 09:25:57', '2020-08-31 09:25:57'),
(11, 4, 2, 1, 15, 15, 2, '2020-08-31 09:25:57', '2020-08-31 09:25:57'),
(12, 4, 3, 2, 15, 15, 2, '2020-08-31 09:25:57', '2020-08-31 09:25:57'),
(13, 8, 1, 1, 15, 15, 2, '2020-08-31 09:25:57', '2020-08-31 09:25:57'),
(14, 8, 2, 2, 15, 15, 2, '2020-08-31 09:25:57', '2020-08-31 09:25:57'),
(15, 8, 3, 1, 51, 515, 2, '2020-08-31 09:25:57', '2020-08-31 09:25:57'),
(16, 1, 4, 17, 0, 0, 3, '2020-08-31 10:21:30', '2020-08-31 10:21:30'),
(17, 1, 4, 18, 0, 0, 3, '2020-08-31 10:21:30', '2020-08-31 10:21:30'),
(18, 1, 8, 17, 0, 0, 3, '2020-08-31 10:21:30', '2020-08-31 10:21:30'),
(19, 1, 8, 18, 0, 0, 3, '2020-08-31 10:21:30', '2020-08-31 10:21:30'),
(20, 1, 6, 17, 0, 0, 3, '2020-08-31 10:21:30', '2020-08-31 10:21:30'),
(21, 1, 6, 18, 0, 0, 3, '2020-08-31 10:21:30', '2020-08-31 10:21:30'),
(22, 2, 4, 17, 0, 0, 3, '2020-08-31 10:21:30', '2020-08-31 10:21:30'),
(23, 2, 4, 18, 0, 0, 3, '2020-08-31 10:21:30', '2020-08-31 10:21:30'),
(24, 2, 8, 17, 0, 0, 3, '2020-08-31 10:21:30', '2020-08-31 10:21:30'),
(25, 2, 8, 18, 0, 0, 3, '2020-08-31 10:21:30', '2020-08-31 10:21:30'),
(26, 2, 6, 17, 0, 0, 3, '2020-08-31 10:21:30', '2020-08-31 10:21:30'),
(27, 2, 6, 18, 0, 0, 3, '2020-08-31 10:21:30', '2020-08-31 10:21:30'),
(28, 1, 4, 17, 0, 0, 4, '2020-08-31 10:21:44', '2020-08-31 10:21:44'),
(29, 1, 4, 18, 0, 0, 4, '2020-08-31 10:21:44', '2020-08-31 10:21:44'),
(30, 1, 8, 17, 0, 0, 4, '2020-08-31 10:21:44', '2020-08-31 10:21:44'),
(31, 1, 8, 18, 0, 0, 4, '2020-08-31 10:21:44', '2020-08-31 10:21:44'),
(32, 1, 6, 17, 0, 0, 4, '2020-08-31 10:21:44', '2020-08-31 10:21:44'),
(33, 1, 6, 18, 0, 0, 4, '2020-08-31 10:21:44', '2020-08-31 10:21:44'),
(34, 2, 4, 17, 0, 0, 4, '2020-08-31 10:21:45', '2020-08-31 10:21:45'),
(35, 2, 4, 18, 0, 0, 4, '2020-08-31 10:21:45', '2020-08-31 10:21:45'),
(36, 2, 8, 17, 0, 0, 4, '2020-08-31 10:21:45', '2020-08-31 10:21:45'),
(37, 2, 8, 18, 0, 0, 4, '2020-08-31 10:21:45', '2020-08-31 10:21:45'),
(38, 2, 6, 17, 0, 0, 4, '2020-08-31 10:21:45', '2020-08-31 10:21:45'),
(39, 2, 6, 18, 0, 0, 4, '2020-08-31 10:21:45', '2020-08-31 10:21:45'),
(40, 1, 4, 17, 250, 100, 5, '2020-08-31 10:37:15', '2020-08-31 10:37:15'),
(41, 1, 4, 18, 250, 200, 5, '2020-08-31 10:37:15', '2020-08-31 10:37:15'),
(42, 1, 8, 17, 250, 100, 5, '2020-08-31 10:37:15', '2020-08-31 10:37:15'),
(43, 1, 8, 18, 250, 200, 5, '2020-08-31 10:37:15', '2020-08-31 10:37:15'),
(44, 1, 6, 17, 250, 100, 5, '2020-08-31 10:37:15', '2020-08-31 10:37:15'),
(45, 1, 6, 18, 250, 200, 5, '2020-08-31 10:37:15', '2020-08-31 10:37:15'),
(46, 2, 4, 17, 300, 300, 5, '2020-08-31 10:37:15', '2020-08-31 10:37:15'),
(47, 2, 4, 18, 300, 200, 5, '2020-08-31 10:37:15', '2020-08-31 10:37:15'),
(48, 2, 8, 17, 300, 100, 5, '2020-08-31 10:37:15', '2020-08-31 10:37:15'),
(49, 2, 8, 18, 200, 200, 5, '2020-08-31 10:37:15', '2020-08-31 10:37:15'),
(50, 2, 6, 17, 200, 100, 5, '2020-08-31 10:37:15', '2020-08-31 10:37:15'),
(51, 2, 6, 18, 200, 100, 5, '2020-08-31 10:37:15', '2020-08-31 10:37:15'),
(52, 1, 4, 17, 0, 0, 6, '2020-08-31 10:38:18', '2020-08-31 10:38:18'),
(53, 1, 4, 18, 0, 0, 6, '2020-08-31 10:38:18', '2020-08-31 10:38:18'),
(54, 1, 8, 17, 0, 0, 6, '2020-08-31 10:38:18', '2020-08-31 10:38:18'),
(55, 1, 8, 18, 0, 0, 6, '2020-08-31 10:38:18', '2020-08-31 10:38:18'),
(56, 1, 6, 17, 0, 0, 6, '2020-08-31 10:38:18', '2020-08-31 10:38:18'),
(57, 1, 6, 18, 0, 0, 6, '2020-08-31 10:38:18', '2020-08-31 10:38:18'),
(58, 2, 4, 17, 0, 0, 6, '2020-08-31 10:38:18', '2020-08-31 10:38:18'),
(59, 2, 4, 18, 0, 0, 6, '2020-08-31 10:38:18', '2020-08-31 10:38:18'),
(60, 2, 8, 17, 0, 0, 6, '2020-08-31 10:38:18', '2020-08-31 10:38:18'),
(61, 2, 8, 18, 0, 0, 6, '2020-08-31 10:38:18', '2020-08-31 10:38:18'),
(62, 2, 6, 17, 0, 0, 6, '2020-08-31 10:38:18', '2020-08-31 10:38:18'),
(63, 2, 6, 18, 0, 0, 6, '2020-08-31 10:38:18', '2020-08-31 10:38:18'),
(64, 1, 4, 17, 0, 0, 7, '2020-08-31 10:38:39', '2020-08-31 10:38:39'),
(65, 1, 4, 18, 0, 0, 7, '2020-08-31 10:38:39', '2020-08-31 10:38:39'),
(66, 1, 8, 17, 0, 0, 7, '2020-08-31 10:38:39', '2020-08-31 10:38:39'),
(67, 1, 8, 18, 0, 0, 7, '2020-08-31 10:38:39', '2020-08-31 10:38:39'),
(68, 1, 6, 17, 0, 0, 7, '2020-08-31 10:38:40', '2020-08-31 10:38:40'),
(69, 1, 6, 18, 0, 0, 7, '2020-08-31 10:38:40', '2020-08-31 10:38:40'),
(70, 2, 4, 17, 0, 0, 7, '2020-08-31 10:38:40', '2020-08-31 10:38:40'),
(71, 2, 4, 18, 0, 0, 7, '2020-08-31 10:38:40', '2020-08-31 10:38:40'),
(72, 2, 8, 17, 0, 0, 7, '2020-08-31 10:38:40', '2020-08-31 10:38:40'),
(73, 2, 8, 18, 0, 0, 7, '2020-08-31 10:38:40', '2020-08-31 10:38:40'),
(74, 2, 6, 17, 0, 0, 7, '2020-08-31 10:38:40', '2020-08-31 10:38:40'),
(75, 2, 6, 18, 0, 0, 7, '2020-08-31 10:38:40', '2020-08-31 10:38:40'),
(76, 83, NULL, NULL, 0, 0, 0, '2023-01-04 02:44:08', '2023-01-04 02:44:08'),
(77, 84, NULL, NULL, 0, 0, 0, '2023-01-04 02:44:08', '2023-01-04 02:44:08'),
(78, 85, NULL, NULL, 0, 0, 0, '2023-01-04 02:44:08', '2023-01-04 02:44:08'),
(79, NULL, 86, NULL, 0, 0, 0, '2023-01-04 02:44:08', '2023-01-04 02:44:08'),
(80, NULL, 87, NULL, 0, 0, 0, '2023-01-04 02:44:08', '2023-01-04 02:44:08'),
(81, NULL, 88, NULL, 0, 0, 0, '2023-01-04 02:44:08', '2023-01-04 02:44:08'),
(82, NULL, NULL, 89, 0, 0, 0, '2023-01-04 02:44:09', '2023-01-04 02:44:09'),
(83, NULL, NULL, 90, 0, 0, 0, '2023-01-04 02:44:09', '2023-01-04 02:44:09'),
(84, NULL, NULL, 91, 0, 0, 0, '2023-01-04 02:44:09', '2023-01-04 02:44:09'),
(85, 94, NULL, NULL, 0, 0, 0, '2023-01-04 02:45:21', '2023-01-04 02:45:21'),
(86, NULL, 97, NULL, 0, 0, 0, '2023-01-04 02:45:22', '2023-01-04 02:45:22'),
(87, NULL, NULL, 100, 0, 0, 0, '2023-01-04 02:45:22', '2023-01-04 02:45:22'),
(88, 101, 104, 107, 100, 0, 0, '2023-01-04 04:28:28', '2023-01-04 04:28:28'),
(89, 101, 104, 108, 100, 0, 0, '2023-01-04 04:28:28', '2023-01-04 04:28:28'),
(90, 101, 104, 109, 100, 0, 0, '2023-01-04 04:28:28', '2023-01-04 04:28:28'),
(91, 101, 105, 107, 110, 0, 0, '2023-01-04 04:28:28', '2023-01-04 04:28:28'),
(92, 101, 105, 108, 110, 0, 0, '2023-01-04 04:28:28', '2023-01-04 04:28:28'),
(93, 101, 105, 109, 110, 0, 0, '2023-01-04 04:28:28', '2023-01-04 04:28:28'),
(94, 101, 106, 107, 120, 0, 0, '2023-01-04 04:28:28', '2023-01-04 04:28:28'),
(95, 101, 106, 108, 120, 0, 0, '2023-01-04 04:28:28', '2023-01-04 04:28:28'),
(96, 101, 106, 109, 120, 0, 0, '2023-01-04 04:28:28', '2023-01-04 04:28:28'),
(97, 102, 104, 107, 150, 0, 0, '2023-01-04 04:28:28', '2023-01-04 04:28:28'),
(98, 102, 104, 108, 150, 0, 0, '2023-01-04 04:28:28', '2023-01-04 04:28:28'),
(99, 102, 104, 109, 150, 0, 0, '2023-01-04 04:28:28', '2023-01-04 04:28:28'),
(100, 102, 105, 107, 200, 0, 0, '2023-01-04 04:28:28', '2023-01-04 04:28:28'),
(101, 102, 105, 108, 200, 0, 0, '2023-01-04 04:28:29', '2023-01-04 04:28:29'),
(102, 102, 105, 109, 200, 0, 0, '2023-01-04 04:28:29', '2023-01-04 04:28:29'),
(103, 102, 106, 107, 60, 0, 0, '2023-01-04 04:28:29', '2023-01-04 04:28:29'),
(104, 102, 106, 108, 60, 0, 0, '2023-01-04 04:28:29', '2023-01-04 04:28:29'),
(105, 102, 106, 109, 60, 0, 0, '2023-01-04 04:28:29', '2023-01-04 04:28:29'),
(106, 103, 104, 107, 80, 0, 0, '2023-01-04 04:28:29', '2023-01-04 04:28:29'),
(107, 103, 104, 108, 80, 0, 0, '2023-01-04 04:28:29', '2023-01-04 04:28:29'),
(108, 103, 104, 109, 80, 0, 0, '2023-01-04 04:28:29', '2023-01-04 04:28:29'),
(109, 103, 105, 107, 100, 0, 0, '2023-01-04 04:28:29', '2023-01-04 04:28:29'),
(110, 103, 105, 108, 100, 0, 0, '2023-01-04 04:28:29', '2023-01-04 04:28:29'),
(111, 103, 105, 109, 100, 0, 0, '2023-01-04 04:28:29', '2023-01-04 04:28:29'),
(112, 103, 106, 107, 150, 0, 0, '2023-01-04 04:28:29', '2023-01-04 04:28:29'),
(113, 103, 106, 108, 150, 0, 0, '2023-01-04 04:28:29', '2023-01-04 04:28:29'),
(114, 103, 106, 109, 150, 0, 0, '2023-01-04 04:28:29', '2023-01-04 04:28:29'),
(115, 110, 113, 116, 250, 100, 30, '2023-01-04 04:33:16', '2023-01-04 04:33:16'),
(116, 110, 113, 117, 250, 100, 30, '2023-01-04 04:33:16', '2023-01-04 04:33:16'),
(117, 110, 113, 118, 250, 100, 30, '2023-01-04 04:33:16', '2023-01-04 04:33:16'),
(118, 110, 114, 116, 300, 110, 30, '2023-01-04 04:33:16', '2023-01-04 04:33:16'),
(119, 110, 114, 117, 300, 110, 30, '2023-01-04 04:33:17', '2023-01-04 04:33:17'),
(120, 110, 114, 118, 300, 110, 30, '2023-01-04 04:33:17', '2023-01-04 04:33:17'),
(121, 110, 115, 116, 320, 120, 30, '2023-01-04 04:33:17', '2023-01-04 04:33:17'),
(122, 110, 115, 117, 320, 120, 30, '2023-01-04 04:33:17', '2023-01-04 04:33:17'),
(123, 110, 115, 118, 320, 120, 30, '2023-01-04 04:33:17', '2023-01-04 04:33:17'),
(124, 111, 113, 116, 200, 150, 30, '2023-01-04 04:33:17', '2023-01-04 04:33:17'),
(125, 111, 113, 117, 200, 150, 30, '2023-01-04 04:33:17', '2023-01-04 04:33:17'),
(126, 111, 113, 118, 200, 150, 30, '2023-01-04 04:33:17', '2023-01-04 04:33:17'),
(127, 111, 114, 116, 220, 200, 30, '2023-01-04 04:33:17', '2023-01-04 04:33:17'),
(128, 111, 114, 117, 220, 200, 30, '2023-01-04 04:33:17', '2023-01-04 04:33:17'),
(129, 111, 114, 118, 220, 200, 30, '2023-01-04 04:33:17', '2023-01-04 04:33:17'),
(130, 111, 115, 116, 300, 60, 30, '2023-01-04 04:33:17', '2023-01-04 04:33:17'),
(131, 111, 115, 117, 300, 60, 30, '2023-01-04 04:33:17', '2023-01-04 04:33:17'),
(132, 111, 115, 118, 300, 60, 30, '2023-01-04 04:33:17', '2023-01-04 04:33:17'),
(133, 112, 113, 116, 320, 80, 30, '2023-01-04 04:33:17', '2023-01-04 04:33:17'),
(134, 112, 113, 117, 320, 80, 30, '2023-01-04 04:33:17', '2023-01-04 04:33:17'),
(135, 112, 113, 118, 320, 80, 30, '2023-01-04 04:33:17', '2023-01-04 04:33:17'),
(136, 112, 114, 116, 300, 100, 30, '2023-01-04 04:33:17', '2023-01-04 04:33:17'),
(137, 112, 114, 117, 300, 100, 30, '2023-01-04 04:33:17', '2023-01-04 04:33:17'),
(138, 112, 114, 118, 300, 100, 30, '2023-01-04 04:33:17', '2023-01-04 04:33:17'),
(139, 112, 115, 116, 350, 150, 30, '2023-01-04 04:33:17', '2023-01-04 04:33:17'),
(140, 112, 115, 117, 350, 150, 30, '2023-01-04 04:33:17', '2023-01-04 04:33:17'),
(141, 112, 115, 118, 350, 150, 30, '2023-01-04 04:33:17', '2023-01-04 04:33:17'),
(142, 119, 122, 125, 300, 200, 31, '2023-01-04 04:43:41', '2023-01-04 04:43:41'),
(143, 119, 122, 126, 300, 200, 31, '2023-01-04 04:43:41', '2023-01-04 04:43:41'),
(144, 119, 122, 127, 300, 200, 31, '2023-01-04 04:43:41', '2023-01-04 04:43:41'),
(145, 119, 123, 125, 300, 200, 31, '2023-01-04 04:43:41', '2023-01-04 04:43:41'),
(146, 119, 123, 126, 300, 200, 31, '2023-01-04 04:43:41', '2023-01-04 04:43:41'),
(147, 119, 123, 127, 300, 200, 31, '2023-01-04 04:43:41', '2023-01-04 04:43:41'),
(148, 119, 124, 125, 300, 200, 31, '2023-01-04 04:43:41', '2023-01-04 04:43:41'),
(149, 119, 124, 126, 300, 200, 31, '2023-01-04 04:43:41', '2023-01-04 04:43:41'),
(150, 119, 124, 127, 300, 200, 31, '2023-01-04 04:43:41', '2023-01-04 04:43:41'),
(151, 120, 122, 125, 250, 150, 31, '2023-01-04 04:43:41', '2023-01-04 04:43:41'),
(152, 120, 122, 126, 250, 150, 31, '2023-01-04 04:43:41', '2023-01-04 04:43:41'),
(153, 120, 122, 127, 250, 150, 31, '2023-01-04 04:43:41', '2023-01-04 04:43:41'),
(154, 120, 123, 125, 250, 150, 31, '2023-01-04 04:43:41', '2023-01-04 04:43:41'),
(155, 120, 123, 126, 250, 150, 31, '2023-01-04 04:43:41', '2023-01-04 04:43:41'),
(156, 120, 123, 127, 250, 150, 31, '2023-01-04 04:43:41', '2023-01-04 04:43:41'),
(157, 120, 124, 125, 250, 150, 31, '2023-01-04 04:43:41', '2023-01-04 04:43:41'),
(158, 120, 124, 126, 250, 150, 31, '2023-01-04 04:43:41', '2023-01-04 04:43:41'),
(159, 120, 124, 127, 250, 150, 31, '2023-01-04 04:43:41', '2023-01-04 04:43:41'),
(160, 121, 122, 125, 200, 100, 31, '2023-01-04 04:43:42', '2023-01-04 04:43:42'),
(161, 121, 122, 126, 200, 100, 31, '2023-01-04 04:43:42', '2023-01-04 04:43:42'),
(162, 121, 122, 127, 200, 100, 31, '2023-01-04 04:43:42', '2023-01-04 04:43:42'),
(163, 121, 123, 125, 200, 100, 31, '2023-01-04 04:43:42', '2023-01-04 04:43:42'),
(164, 121, 123, 126, 200, 100, 31, '2023-01-04 04:43:42', '2023-01-04 04:43:42'),
(165, 121, 123, 127, 200, 100, 31, '2023-01-04 04:43:42', '2023-01-04 04:43:42'),
(166, 121, 124, 125, 200, 100, 31, '2023-01-04 04:43:42', '2023-01-04 04:43:42'),
(167, 121, 124, 126, 200, 100, 31, '2023-01-04 04:43:42', '2023-01-04 04:43:42'),
(168, 121, 124, 127, 500, 200, 31, '2023-01-04 04:43:42', '2023-01-04 04:43:42'),
(169, 128, 129, 130, 2504, 100, 32, '2023-01-04 13:38:03', '2023-01-04 13:38:03'),
(170, 131, 132, 133, 230, 50, 33, '2023-01-04 13:45:04', '2023-01-04 13:45:04'),
(171, 134, 135, 136, 350, 600, 34, '2023-01-04 19:15:35', '2023-01-04 19:15:35'),
(172, 137, 138, 139, 400, 600, 35, '2023-01-04 19:17:26', '2023-01-04 19:17:26'),
(173, 140, 141, 142, 500, 600, 36, '2023-01-04 19:30:15', '2023-01-04 19:30:15'),
(174, 143, 144, 145, 1000, 500, 37, '2023-01-04 19:31:36', '2023-01-04 19:31:36'),
(175, 152, 153, 154, 5, 55, 44, '2023-01-04 20:06:29', '2023-01-04 20:06:29'),
(176, 156, 157, 158, 44, 44, 46, '2023-01-04 20:07:36', '2023-01-04 20:07:36'),
(177, 159, 160, 161, 100, 200, 47, '2023-01-04 21:02:03', '2023-01-04 21:02:03'),
(178, 162, 163, 164, 100, 200, 48, '2023-01-04 21:03:21', '2023-01-04 21:03:21'),
(179, 165, 166, 167, 350, 100, 49, '2023-01-05 04:41:26', '2023-01-05 04:41:26');

-- --------------------------------------------------------

--
-- Table structure for table `users`
--

DROP TABLE IF EXISTS `users`;
CREATE TABLE IF NOT EXISTS `users` (
  `id` bigint(20) UNSIGNED NOT NULL,
  `name` varchar(255) COLLATE utf8mb4_unicode_ci NOT NULL,
  `email` varchar(255) COLLATE utf8mb4_unicode_ci NOT NULL,
  `email_verified_at` timestamp NULL DEFAULT NULL,
  `password` varchar(255) COLLATE utf8mb4_unicode_ci NOT NULL,
  `remember_token` varchar(100) COLLATE utf8mb4_unicode_ci DEFAULT NULL,
  `created_at` timestamp NULL DEFAULT NULL,
  `updated_at` timestamp NULL DEFAULT NULL
) ENGINE=InnoDB DEFAULT CHARSET=utf8mb4 COLLATE=utf8mb4_unicode_ci;

--
-- Dumping data for table `users`
--

INSERT INTO `users` (`id`, `name`, `email`, `email_verified_at`, `password`, `remember_token`, `created_at`, `updated_at`) VALUES
(1, 'Admin', 'admin@example.com', NULL, '$2a$12$2hT0RXo2S/eoaiPtZ2wgXu5nfl6lVWinxW2rGWHCIPKnlqNJZFWGa', 'F2HQm8izrfy8igG5IJRk4Ci21fdbuCLNhSUBGq4aV0MKj1DOERoWXEKkhnZi', '2020-08-28 00:03:42', '2020-08-28 00:03:42');

-- --------------------------------------------------------

--
-- Table structure for table `variants`
--

DROP TABLE IF EXISTS `variants`;
CREATE TABLE IF NOT EXISTS `variants` (
  `id` bigint(20) UNSIGNED NOT NULL,
  `title` varchar(255) COLLATE utf8mb4_unicode_ci NOT NULL,
  `description` text COLLATE utf8mb4_unicode_ci,
  `created_at` timestamp NULL DEFAULT NULL,
  `updated_at` timestamp NULL DEFAULT NULL
) ENGINE=InnoDB DEFAULT CHARSET=utf8mb4 COLLATE=utf8mb4_unicode_ci;

--
-- Dumping data for table `variants`
--

INSERT INTO `variants` (`id`, `title`, `description`, `created_at`, `updated_at`) VALUES
(1, 'Color', 'asdfadsf', NULL, '2020-08-31 08:53:32'),
(2, 'Size', 'adfsasdf', NULL, '2020-08-31 08:54:28'),
(6, 'Style', 'Description', '2020-08-31 09:46:24', '2020-08-31 09:46:24');

--
-- Constraints for dumped tables
--

--
-- Constraints for table `blog_tags`
--
ALTER TABLE `blog_tags`
  ADD CONSTRAINT `blog_tags_blog_id_foreign` FOREIGN KEY (`blog_id`) REFERENCES `blogs` (`id`);
COMMIT;

/*!40101 SET CHARACTER_SET_CLIENT=@OLD_CHARACTER_SET_CLIENT */;
/*!40101 SET CHARACTER_SET_RESULTS=@OLD_CHARACTER_SET_RESULTS */;
/*!40101 SET COLLATION_CONNECTION=@OLD_COLLATION_CONNECTION */;
